1. What does the abbreviation HTML stand for?,Hyper Text Markup Language ,Hyper Tech Markup Language,Hyper Text Makeup Language,None of these,a
2. What is the correct HTML tag for inserting a line break?,< br > ,< lb >,< break >,< newline >,a
3. "A browser does not display the HTML tags, but uses them to determine how to display the____?",Document,Files,Codes,All of above ,a
4. Choose the correct HTML tag to make the text bold?,< B>,< STRONG >,< BOLD >,Both A) and C) ,d
5.In HTML we have _________ type of heading tags.,2,5,6,7,c
6. Which is not a core attribute of html tags,font,title,ID,class,c
7. HTML document start and end with which tag pairs?,< HEAD >.. < /HEAD >,< BODY >.. < /BODY >,< HTML >..< /HTML > ,< WEB >.. < /WEB >,c
8. <TITLE> ..</TITLE> tag must be within ________,Title,Form,Head,Body,c
9. All HTML tags are enclosed in what ?,< !-and -- >,# and #,< ?php and ? >,< > ,d
10. HTML tags are used to describe document ___________.,Content,Language,None of these,Definition,a
