1. Which is not a Flow Chart Symbol,Terminal,Process,Parallelogram,Triangle,d
2. What is this Symbol used for in a flow chart(oval),Decisions,Process,Terminal,Input / Output,c
3. What is this Symbol used for in a Flow chart(kite),Decision,Process,Terminal,Input / Output,a
4. Pseudocode is a step by step instruction to design a software,TRUE,FALSE,Maybe,None of the above,a
5. Finding user ip address and displaying appropriate language of website based on country from which the user comes is an example of,National Driven Design ,State Driven Design,Event Driven Design,Data Driven Design,d
6. Event Driven Design consist of(Choose 2)[example e.f],Publisher,Consumer,Processor,Organizer,a.b
7. State Explosion is a disadvantage in,Flowchart,Finite State Machine,Pseudocode,Extended Finite State Machine,b
8. What is mean by fixtures in JUnit?,Objects that specify when to run a test,"""Fixed state of a set of objects used as a baseline for running tests""",Bundle of few test cases run together,Date objects,b
9. Which annotation implies that a method is a JUnit test case?,*@mark,* @filter,*@tag,* @id,c
10. Which of the following are test engines? (Select multiple)[example e.f],junit-jupiter,junit-vintage,junit-oracle,junit-eclipse,a.b
