1. What JDK means ?,Java Dependency Kit,Java Development Kit,Java Demonstration Kit,Java Decompiler Kit,b
2. Which tool is used to optimize bytecode to machine code?,JRE,JIT,JDK,JVM,b
3. Which tool is used to run java program?,JVM,JDK,JIT,JRE,d
4. Which tool converts bytecode into machine specific code and executes them ?,JVM,JDK,JIT,JRE,a
5. Which tool compile debug and execute java programs?,JRE,JIT,JDK,JVM,c
"6. Which of the following lines of code creates a variable to store the text ""Hello World""?","a. myString = ""Hello World""","String myString = ""Hello World""",String myString = Hello World,"""Hello World"" = String myString",b
7. Which of the following statements about the code segment are true?,It produces only some of the contents of the array as output,It results in a runtime error,It produces all of the contents of the array in order as output,It outputs only the even values of the array,d
8. Which of the following statements about the code segment is true?,The integer value 10 will be assigned to the  fifth fifth index in the array.,This code will result in a run-time error.,The integer value 10 will be assigned to the fifth sixth index in the array.,This code will result in a compile-time error.,a
9. What are the results in values after multiply(values 2) is called?,The code never stops executing due to an     fifth infinite loop,{3| 6| -5 |-1},{2| 8|-14|-6},{1| 4| -7| -3},b
10. What code is necessary in place of /* missing code */ to print the firstNum Number object properly?,value,firstNum,firstNum.value(),firstNum.toString(),d
